appid,name,developer,publisher
530950,Tower 57,Pixwerk,11 bit studios
614150,Train Harder,2Frogs Software,2Frogs Software
523230,Super Spring Ninja,Demon Sword Games,378 Publishing Ltd
625190,Great Pyramid VR,Michal BÃ¡rta,3DA
438450,3DF Zephyr Lite Steam Edition,3Dflow SRL,3Dflow SRL
340960,Pulsen,4-Panel Footprint,4-Panel Footprint
421170,Indivisible,Lab Zero Games,505 Games
570460,Laser League,Roll7,505 Games
528960,Blanco,51Pegasi Studios,51Pegasi Studios
573610,DOOORS VR,"ODAKO Co.,Ltd.",58works
635270,Through The Dark: Prologue,6waves,6waves
409610,One Final Chaos,"Pusselbit, Sweet Studio Labs",A Sweet Studio
590910,,ä¸Šæµ·ç‚Žæˆ˜ç½‘ç»œç§‘æŠ€æœ‰é™å…¬å¸,ä¸Šæµ·ç‚Žæˆ˜ç½‘ç»œç§‘æŠ€æœ‰é™å…¬å¸
551570,Sarab: The Dark Tower,Abdulla Hassan Al-Farsi,Abduula Hassan Al-Farsi
491020,Revenge of the Spirit: Rite of Resurrection,Absolutist Ltd.,Absolutist Ltd.
563180,Dispersio,Achpile,Achpile
231990,Spider-Manâ„¢: Shattered Dimensions,Beenox,Activision
311210,Call of Duty: Black Ops III - Zombies Chronicles Edition,Treyarch,Activision
42690,Call of DutyÂ®: Modern WarfareÂ® 3,"Infinity Ward, Sledgehammer Games, Aspyr (Mac)","Activision, Aspyr (Mac)"
347800,Ghost Song,Old Moon,Adult Swim Games
356650,Death's Gambit,White Rabbit,Adult Swim Games
460950,Katana ZERO,Askiisoft,Adult Swim Games
516110,ToeJam and Earl: Back in the Groove,Humanature Studios,Adult Swim Games
568330,(VR) The Han Dynasty Imperial Mausoleums,æ´¾å˜‰æ•°åˆ›ç§‘æŠ€æœ‰é™å…¬å¸,æ´¾å˜‰æ•°åˆ›ç§‘æŠ€æœ‰é™å…¬å¸
457890,TumbleSeed,"Benedict Fritz, Greg Wohlwend, Joel Corelitz, David Laskey, Jenna Blazevich",aeiowu
372570,A Stroke of Fate: Operation Bunker,Spline Games,Akella
666050,Rescue Team 7,Nova Ideas,Alawar Entertainment
370620,Onyx,Valkyria Games,Aldorlea Games
542650,On the front line,Alekseev,Alekseev
519200,Kitty Kitty Boing Boing: the Happy Adventure in Puzzle Garden!,Alex Hanson-White,Alex Hanson-White
667110,Altar Show,"Altar Virtual Technologies, Inc.","Altar Virtual Technologies, Inc."
569570,Light Apprentice,Amazu Media,Amazu Media
616860,Magic Heroes: Save Our Park,Anawiki Games,Anawiki Games
652030,Tessa's Ark,Andrew Higgins,Andrew Higgins
243300,Centration,Angry Engineers Entertainment,Angry Engineers Entertainment
556090,FIGHTING SPACE,Apology Games,Apology Games
498720,Inklings,Applepine Games,Applepine Games
354480,Stars Beyond Reach,"Arcen Games, LLC","Arcen Games, LLC"
509380,Mech Ace Combat - Trainer Edition,Area 1,Area 1
664590,Airi's World,Artbox Games,Artbox Games
570090,articy:draft 3,ByteRockers' Games,articy Software
576640,GUNNVR,Artificient Games Inc.,Artificient Games Inc.
622440,Pandemic: The Board Game,"Asmodee Digital, F2Z Entertainment","Asmodee Digital, Z-Man Games"
598990,Pizza Connection,Assemble Entertainment,Assemble Entertainment
514400,Legends of Time,AstroBear Games,AstroBear Games
314850,Haunted House: Cryptic Graves,Dreampainters Software,Atari
370870,Dark Future: Blood Red States,Auroch Digital,Auroch Digital
622290,AVOlight.Space (Multi-Screen Media Player),AVOlight,AVOlight
586320,UFO - Unfortunately Fortunate Organisms,Rebourne Studios,Back To Basics Gaming
643700,Super Sports Surgery,"Badim, Wedoyouplay",Badim
614140,Illusoria,Under The Bridge,Badland Games
569010,Island Racer,baKno Games,baKno Games
684750,Winter Cold,bch waves studio,bch waves studio
546650,Beat Boxer,BeatBoxer LLC,BeatBoxer LLC
596280,You Are God,BefuddleBug,BefuddleBug
375230,"Warhammer 40,000 : Eternal Crusade",Behaviour Digital Inc.,Behaviour Digital Inc.
664340,Indeep | The casual dungeon crawler,BernhardP,BernhardP
667130,Clumsy Fred,BeshevGames,BeshevGames
442770,The Minims,beyondthosehills,beyondthosehills
458190,VR0GU3: Unapologetic Hardcore VR Edition,Big Dumb Fun Games,Big Dumb Fun Games
50930,Hidden Expedition: Everest,Big Fish Games,Big Fish Games
465900,Dark Tales: Edgar Allan Poe's The Gold Bug Collector's Edition,ERS G Studios,Big Fish Games
514700,Mystery Case Files: 13th Skull Collector's Edition,Big Fish Games,Big Fish Games
514750,Nightmare Adventures: The Witch's Prison,Ghost Ship Studios,Big Fish Games
527910,Nevertales: Shattered Image Collector's Edition,Mad Head Games,Big Fish Games
527920,Farm Tribe 2,CrioGames,Big Fish Games
533060,PuppetShow: Mystery of Joyville,ERS G Studios,Big Fish Games
551360,Myths of the World: Chinese Healer Collector's Edition,Eipix Entertainment,Big Fish Games
559970,Shrouded Tales: The Spellbound Land Collector's Edition,Friendly Cactus,Big Fish Games
586700,Otherworld: Omens of Summer Collector's Edition,Boomzap Inc.,Big Fish Games
433360,Drawn: Dark Flight,Big Fish Studios,"Big Fish Games, Inc."
266270,Gridiron Solitaire,Bill and Eli Productions,Bill and Eli Productions
414090,The Warden,"Matteo Cillario, Riccardo Runci, Niccolo' Passeri, Giulia Sorrentino",Black Mist Studios
434870,Megalo Polis,Black Sheep studio,Black Sheep studio
554610,Ultramegon,Blackturn ltd,Blackturn ltd
364660,Luminoso,blizzy Games,blizzy Games
458330,Vilmonic,Bludgeonsoft,Bludgeonsoft
459630,R.C. Bot Inc.,Blue Budgie Studios,Blue Budgie Studios
566640,DinoFense,Team 6,Blue Goji
570340,GoWings Safari,Blue Goji,Blue Goji
445070,Tatsu,BlueLine Games,BlueLine Games
558720,Tribal Siege,BOHDOKUMEN.,BOHDOKUMEN.
616330, DIG A BOO,bonefrog,bonefrog
680070,Puzzle: Underwater World,Boogygames Studios,Boogygames Studios
618370,Rescue Quest Gold,Boomzap Entertainment,Boomzap Entertainment
553430,Skill Master VR -- Learn Meditation,"fletcher.richman, owockitalki",Boulder VR Studios
572220,MageQuit,Bowlcut Studios,Bowlcut Studios
415090,KByte,"Daniel Gili, JoaquÃ­n Godoy, Emilio Martinez, Bruno Carro",Boxel Games
628560,Bebop and Tempo,Brandon Dominguez,Brandon Dominguez
381890,Induction,Bryan Gale,Bryan Gale
554690,Rotation Phonology: Break,ButterChain,ButterChain
449770,Legend of Moros,Cannibal Interactive,Cannibal Interactive
582370,Snowflake's Chance,CarlMorganArt,CarlMorganArt
366570,CastleAbra,CastleAbra Studios,CastleAbra Studios
503650,Fenimore Fillmore: The Westerner,Casual Brothers,Casual Brothers
416600,Full Metal Furies,Cellar Door Games,Cellar Door Games
583200,Vision Therapy VR,Cerevrum Inc.,Cerevrum Inc.
546180,Starry Nights : Helix,"CFK Co., Ltd.","CFK Co., Ltd."
583030,Eraser & Builder,"CFK Co., Ltd.","CFK Co., Ltd."
333350,Cults and Daggers,Chaphat,Chaphat
526840,Galaxy Commando,Chen Xianyin,Chen Xianyin
269170,SportsBar VR,"Cherry Pop Games, Perilous Orbit","Cherry Pop Games, Perilous Orbit"
556310,TMM: Entourage,Chocolate Ship Games,Chocolate Ship Games
423440,Choice of Kung Fu,Choice of Games,Choice of Games
428040,Sixth Grade Detective,Choice of Games,Choice of Games
461650,It's Killing Time,Choice of Games,Choice of Games
558410,Cannonfire Concerto,Choice of Games,Choice of Games
323020,Destructamundo,MiniVisions,Choice Provisions
669340,The Royal Cosmonautical Society,Chromosphere Games,Chromosphere Games
538790,Primal Carnage: Onslaught,Pub Games,Circle 5 Studios
567030,Under Leaves,Circus Atos,Circus Atos
647410,Goodbye My King,CivilSavages,CivilSavages
548860,The Torus Syndicate,Codeate,Codeate
578060,Noda,Coding Leap,Coding Leap
413040,Eekeemoo - Splinters of the Dark Shard,Cogg Games Ltd,Cogg Games Ltd
419710,Rogue Singularity,Considerable Content,Considerable Content
585430,Flatspace IIk,Cornutopia Software,Cornutopia Software
617590,Affliction,Corrosive Studios LLC,Corrosive Studios LLC
592550,Seasteader,Cosy Goat,Cosy Goat
682170,Witchkin: Hide-n-Sneak,Coven Games,Coven Games
552540,Lotia,"Crayon Ponyfish, LLC","Crayon Ponyfish, LLC"
678230,Abstract Arena,Credici,Credici
663750,MineDrill,Cristi Militaru,Cristi Militaru
259000,Dead Pixels II,CSR-Studios,CSR-Studios
530860,The Wanderer,Cult Software,Cult Software
569350,RoboCritters,Curious Dimensions Ltd,Curious Dimensions Ltd
570230,Deathlike: Awakening,Cybreath,Cybreath
534920,Relaxing VR Games: Mahjong,CrazyBunch,Daedalic Entertainment
364700,Dawn of the Plow,"Dan FitzGerald, Trichotomy","Dan FitzGerald, Trichotomy"
346930,Deadhold,Dark Quarry Games,Dark Quarry Games
536450,Vzerthos: The Heir of Thunder,DarkDes Labs,DarkDes Labs
579870,Biosupremacy,DarkPolygon Games,DarkPolygon Games
555170,OneManVurgeR,Dazzle Inc.,Dazzle Inc.
434600,Blue Bird,Deadline Soft,Deadline Soft
415010,The Other 99,Burning Arrow,Deck13
489930,Adventures of Bertram Fiddle Episode 2,Rumpus,Deck13
433920,Aveyond 4: Shadow of the Mist,"Amaranth Games, LLC",Degica
460650,Tick Tock Bang Bang,"Dejobaan Games, LLC","Dejobaan Games, LLC"
341960,DP Animation Maker,DesktopPaints,DesktopPaints
272230,Sub Rosa [Alpha 25],Cryptic Sea,Devolver Digital
442780,STRAFE,Pixel Titans,Devolver Digital
601780,VoiceWarrior,DevPossible,DevPossible
528250,Patchwork,DIGIDICED,DIGIDICED
631950,Caelum: Into the Sky,Digital Realms Ltd,Digital Realms Ltd
318300,Phineas and Ferb: New Inventions,PIPE Studio,Disney Interactive
346060,Disney High School Musical 3: Senior Year Dance,Page 44 Studios,Disney Interactive
627410,BlackEye,Dnovel,Dnovel
504700,Blockships,Dr Davient,Dr Davient
675530,M1: A Death in the Desert,Dracula's Cave,Dracula's Cave
581910,Iron Armada,Drakeling Labs,Drakeling Labs
498380,AquaNimble,"DrinkingNails, LLC","DrinkingNails, LLC"
511460,Unaided: 1939,Drix Studios,Drix Studios
618170,MIND CUBES - Inside the Twisted Gravity Puzzle,DRUNKEN APES,DRUNKEN APES
612120,Darwin's bots: Episode 1,Duplicator Studio,Duplicator Studio
613200,Dead Days,Duskroad Games,Duskroad Games
397860,Carnivore Land,dwCrew,dwCrew
496840,XunYouIntè¿…æ¸¸å›½é™…ç½‘æ¸¸åŠ é€Ÿå™¨,è¿…æ¸¸ç§‘æŠ€(300467.SZ),è¿…æ¸¸ç§‘æŠ€(300467.SZ)
480500,Dogfight Elite,Echoboom S.L.,Echoboom S.L.
227580,10000000,EightyEightGames,EightyEightGames
615010,Runic Rampage,Electrocosmos,Electrocosmos
362940,Courier of the Crypts,Emberheart Games,Emberheart Games
658450,Lil' Blue Buddy,Emerald Interactive Games,Emerald Interactive Games
548110,Star-Twine,Eric Billingsley,Eric Billingsley
383010,JamG,ErnÅ‘ KirÃ¡ly,ErnÅ‘ KirÃ¡ly
496940,Second Death,Evan Wagstaff,Evan Wagstaff
513460,Agenda,Exordium Games,Exordium Games
376160,DNO Rasa's Journey,EZDesigner,EZDesigner
562280,/reality,Fancy Fish Games,Fancy Fish Games
683530,FreeFly Burning,FanPlymouth,FanPlymouth
521140,King Machine,FastRam Design,FastRam Design
411720,Quantum Lock,"FAT BOMB STUDIOS, LLC","FAT BOMB STUDIOS, LLC"
434610,Forbidden planet,Faton,Faton
397600,Viral EX,Fierce Kaiju Ltd,Fierce Kaiju Ltd
667520,Flight Unlimited 2K18,Flight Systems,Flight Systems 
333100,Demesne,"Demesnegame, Composer-Motorin Dmitry (Djinotan)","FLOW IT, LLC"
337290,Still Not Dead,Greg Sergeant,Flying Interactive
525690,MMM: Murder Most Misfortunate,Foolish Mortals Games,Foolish Mortals Games
624050,Lazer Cops,Foolish Mortals Games,Foolish Mortals Games
39360,Freeze Tag Fun Pack #1,"Freeze Tag Inc., Joju Games, Linksolutions Ltd., Dekovir Entertainment",Freeze Tag Inc.
563810,Fumiko!,Fumiko Game Studio,Fumiko Game Studio
384920,ABD: A Beautiful Day,"Robert Bonner, Jack Hanley, Ben Rawles, Boris Blosse","Gag A Maggot Entertainment, LLC."
291840,The Feud: Wild West Tactics,Galaxy Pest Control,Galaxy Pest Control
663240,All You Can Eat,Gamechuck,Gamechuck
522080,Gemstone Keeper,Gamepopper,Gamepopper
542410,True Blades,Gamerizon Studio Inc.,Gamerizon Studio Inc.
486490,Witan,Imigea Ltd,gamevial
458540,Lines,Gamious,Gamious
618650,Pixel Gear,Geronimo Interactive,Geronimo Interactive
418260,Gumball Drift,Ghost Machine,Ghost Machine
526130,Sky Sanctuary,Glitchr Studio,Glitchr Studio
501680,Outreach,Pixel Spill,Good Shepherd Entertainment
555510,MachiaVillain,Wild Factor,Good Shepherd Entertainment
642830,Milanoir,Italo Games,Good Shepherd Entertainment
514780,Best in Show Solitaire,Graduate Games,Graduate Games
673050,StarBallMadNess,GreenGasGames,GreenGasGames
496160,Return Zero VR,Ground Control Studios,Ground Control Studios
558020,JETPACK PORTER,"G-STYLE Co,. Ltd.","G-STYLE Co,. Ltd."
624560,Medusa's Labyrinth VR,Guru Games,Guru Games
681170,SUDOKU.,Hannibal Stuff,Hannibal Stuff
375810,The Forgettable Dungeon,Anthony Rotondo,Happy Box Games LLC
646380,Uphill Skiing,Happy Hobgoblin,Happy Hobgoblin
615330,Happy Penguin VR,Bellcat VR,happyjim
550200,World Destroyers,HardHead Games,HardHead Games
489110,Putty Pals,Harmonious Games,Harmonious Games
341760,Flem,Henchman & Goon,Henchman & Goon
572730,Nancy Drew: The Silent Spy,HeR Interactive,HeR Interactive
572740,Nancy Drew: The Secret of Shadow Ranch,HeR Interactive,HeR Interactive
396320,Tank Battle: 1944,HexWar Games,HexWar Games
465750,Tank Battle: North Africa,HexWar Games,HexWar Games
563830,Historium VR - Relive the history of Bruges,Sevenedge Interactive Media,Historium Bruges
500550,"Save the Universe, Please!",Hodeaka Studio,Hodeaka Studio
448870,Cubistry Collection Vol. 1,Hohng L.L.C.,Hohng L.L.C.
460990,The Impossible Travel Agency,Holospark,Holospark
464380,Best of Us,Hosted Games,Hosted Games
517240,Machinations: Fog of War,Hosted Games,Hosted Games
543980,Zombie Exodus: Safe Haven,Hosted Games,Hosted Games
390070,Estetiikka,Jukka Koivisto,Hot Habanero Games
440280,Overpower,Hydrant Games,Hydrant Games
394840,Mars Colony: Frontier,HyperKat Games,HyperKat Games
432980,INVERSUS,Hypersect,Hypersect
506660,The West,I.V.O,I.V.O
628960,Journey to Alien Worlds,Ideographer,Ideographer
544290,Tyto Online,Immersed Games,Immersed Games
543300,Horizon Of History,Immersion,Immersion
647430,Game of Emperors,Imperia Online LTD,Imperia Online LTD
438300,Shepherds of the Abyss,Impulse Games,Impulse Games
578850,64,rebel rabbit,"indienova, GrabTheGames"
436070,Nadia Was Here,Jajaben Games,Indietopia Games 
536920,Groggers!,Indigo Studios,Indigo Studios
393320,Typing Instructor Platinum 21,Individual Software,Individual Software
661560,Audioship,Insanity Interactive,Insanity Interactive
555580,The Legend of Dark Witch 2 ,INSIDE SYSTEM,INSIDE SYSTEM
592120,Glyphs Apprentice,inSPIRE Games,inSPIRE Games
446850,Mindball Play,Interactive Productline Team,Interactive Productline IP AB
503680,The Seeker,VisualTech48,Intercido
624080,Cyberia,Xatrix Entertainment,Interplay Entertainment Corp.
582200,The Physiology of the Eye,Intervoke,Intervoke
322930,aerofly RC 7,IPACS,IPACS
597640,"Buccaneers, Bounty & Boom!",Iron Helmet Games,Iron Helmet Games
597920,Survivalizm - The Animal Simulator,IronBoundManzer,IronBoundManzer
468070,90 Minute Fever,Isokron,Isokron
639280,Lander 8009 VR,Ivanovich Games,Ivanovich Games
228940,Carnage Racing â„¢,,Jagex
595080,Silver Grapple,"Jamie Rollo, Tom Campbell",Jamie Rollo
611640,Mono,JeliLiam,JeliLiam
395170,DISTRAINT,Jesse Makkonen,Jesse Makkonen
582050,HVRGUN,"Jonathan Bartram, Thomas Bartram","Jonathan Bartram, Thomas Bartram"
339610,Freestyle2: Street Basketball,Joycity,Joycity
324360,TOTM,Juniper Games,Juniper GmbH
603720,There's Poop In My Soup - Pooping with Friends,K Bros Games,K Bros Games
619890,Evil Glitch,Agar3s,K Bros Games
657440,Burn It Down,"Tapinator, Max Ignatyev",K Bros Games
396010,The Rise of Chubtan,RadarJam,Kajak Games
397850,Sonder. Episode ONE,KAMAi MEDIA,KAMAi MEDIA
416790,The Metronomicon,Puuba,Kasedo Games
586240,Soul Searching,Kayabros,Kayabros
654910,YANKAI'S PEAK.,Kenny Sun,Kenny Sun
586150,Armored Freedom,Killer Bees Games,Killer Bees Games
501620,CyberLink PowerDirector 15 Ultimate,CyberLink,"Koch Media , CyberLink"
501640,CyberLink PhotoDirector 8 Ultra,CyberLink,"Koch Media , CyberLink"
521650,Genghis Khan / ,"KOEI TECMO GAMES CO., LTD.","KOEI TECMO GAMES CO., LTD."
521700,NOBUNAGAS AMBITION: Sengoku Gunyuuden / ,"KOEI TECMO GAMES CO., LTD.","KOEI TECMO GAMES CO., LTD."
521740,NOBUNAGA'S AMBITION: Bushou Fuunroku / ,"KOEI TECMO GAMES CO., LTD.","KOEI TECMO GAMES CO., LTD."
521760,Taikou Risshiden / ,"KOEI TECMO GAMES CO., LTD.","KOEI TECMO GAMES CO., LTD."
544990,NOBUNAGA'S AMBITION / ,"KOEI TECMO GAMES CO., LTD.","KOEI TECMO GAMES CO., LTD."
545000,Aoki Ookami to Shiroki Mejika / ,"KOEI TECMO GAMES CO., LTD.","KOEI TECMO GAMES CO., LTD."
628020,Romance of the Three KingdomsVI with Power Up Kit / VI with ,"KOEI TECMO GAMES CO., LTD.","KOEI TECMO GAMES CO., LTD."
628030,Romance of the Three KingdomsVII with Power Up Kit / VII with ,"KOEI TECMO GAMES CO., LTD.","KOEI TECMO GAMES CO., LTD."
656190,THE HOUCHI PLAY -THE -,KoheiGallery,KoheiGallery
613590,Dungeon Of Zaar,KURB,"KURB, Plug In Digital"
513860,Elena,Catch A Cat,LabOne48
612220,Chaos Edge,LaoniuStudio,LaoniuStudio
320020,Monkey Tales Games,Larian Studios,Larian Studios
519550,SPACE DVRTS,Laser Fuel Games,Laser Fuel Games
519020,Shuttle Siege,Lasmelan,Lasmelan
440800,Trial by Viking,Last Life Games,Last Life Games
685750,The soldier in the mine,Laush Dmitriy Sergeevich,Laush Studio
492160,3D Pool,Z-Software,Libredia
569380,Alicia Griffith  Lakeside Murder,Agrostemma,Libredia
520350,Remembering Pearl Harbor,Deluxe VR,LIFE VR
568370,Castle Battles,Light Arc Studio Ltd,Light Arc Studio Ltd
594680,Shuyan Saga,Lofty Sky Entertainment Inc.,Lofty Sky Entertainment Inc.
451450,Hollywood Hills Mansion,"LOOT Interactive, LLC","LOOT Interactive, LLC"
434140,New Outbreak,"0Bennyman, srslyCASUAL",LootBit
476670,Emberdoom,"Loud King Studios, LLC","Loud King Studios, LLC"
413490,Rothschild: The Sheep Will Wake,Loudpak Studios,Loudpak Studios
6060,STAR WARS Battlefront II,Pandemic Studios,"Lucasfilm, LucasArts, Disney Interactive"
640720,CAD XR,"Lucid Sight, Inc.","Lucid Sight, Inc."
600650,OK Bob,Lumen Labs,Lumen Labs
666810,Luna,Lushboy Studios,Lushboy Studios
503010,Legends of Azulgar,Lusorion Creatives,Lusorion Creatives
418200,MAGIX Photostory 2016 Deluxe,MAGIX Software GmbH,MAGIX Software GmbH
506030,MAGIX PC Check & Tuning 2017,simplitec GmbH,MAGIX Software GmbH
525420,Samplitude Music Studio 2017 Steam Edition,MAGIX Software GmbH,MAGIX Software GmbH
596880,VEGAS DVD Architect Steam Edition,MAGIX Software GmbH,MAGIX Software GmbH
670460,MAGIX Video deluxe 2017 Steam Edition,MAGIX Software GmbH,MAGIX Software GmbH
367220,Egyptian Settlement Gold,magnussoft,magnussoft
516740,Elves vs Goblins Defender,magnussoft,magnussoft
557180,League of Maidens,Maiden Gaming Inc.,Maiden Gaming Inc.
638930,Dal Segno,Circus,MangaGamer
618950,Agatha Knife,Mango Protocol,Mango Protocol
428340,Marmoset Hexels 2,Marmoset LLC,Marmoset LLC
382130,Exile's End,Magnetic Realms,Marvelous
651660,Halcyon 6: Lightspeed Edition,"Massive Damage, Inc.","Massive Damage, Inc."
568780,Multishop Tycoon Deluxe,Maulidan Games,Maulidan Games
522200,Loading Human: Chapter 1,Untold Games,Maximum Games
387130,"Zombie Hunter, Inc.",Maya Gameworks,Maya Gameworks
517020,Virtual Warfighter,MDA Digital,MDA Digital
532820,Iron Fish,"BeefJack, Dean Edwards",Meat Name Games Ltd
563420,Obscura,Michael Hegemann,Michael Hegemann
418170,MicroRC Simulation,Minindustries Game Factory,Minindustries Game Factory
332270,Gunmetal Arcadia,Minor Key Games,Minor Key Games
475960,Bombslinger,Mode4,Mode4
554680,Crazy Saloon VR,Monsieur K,Monsieur K
678100,VR Crane Master,RealityBusters.co,MoreFromIT Sp. z o.o.
664420,Girls and Quiz,morojenoe's empire,morojenoe's empire
582810,Serious Metal Detecting,"Mykyta Markin, Artem Basko","Mykyta Markin, Artem Basko"
47570,Mishap 2: An Intentional Haunting - Collector's Edition,Virtual Prophecy Entertainment,"Namco Networks America, Inc."
348980,INIT.,Narrow Monolith,Narrow Monolith
435000,The Whisperer in Darkness,Nathaniel Nelson,Nathaniel Nelson
378410,Don't Be Patchman,Naturally Intelligent,Naturally Intelligent
554820,VideoPad Video Editor,NCH Software,NCH Software
580310,WavePad Audio Editor,NCH Software,NCH Software
617550,Prism,NCH Software,NCH Software
617570,Switch,NCH Software,NCH Software
617580,PhotoPad,NCH Software,NCH Software
617560,DreamPlan,NCH Software,NCH Software 
616090,,Netease,Netease
447690,Dimensional Intersection,DNV,"Nicalis, Inc."
651970,NEON GALAXY,Nicholas Backus,Nicholas Backus
648810,Vehicle VR,Nick Helweg,Nick Helweg
612150,Conran - The dinky Raccoon,Nifty Productions,Nifty Productions
392330,Take Command - 2nd Manassas,"MadMinute Games, NorbSoftDev","NorbSoftDev, Paradox Interactive"
473900,Oath of Genesisâ„¢,NoteMode Studios,NoteMode Studios
445860,Toy Plane Heroes,Oasis VR,Oasis VR
615390,Encounter of Galaxies,Obi-Wanya,Obi-Wanya
503980,Detective Hank and the Golden Sneeze,Obsessive Science Games,Obsessive Science Games
394490,Buildanauts,TouchTilt Games,Octopus Tree
576020,Final Theosis,ODBear Studios,ODBear Studios
395190,Reiner Knizia's The Confrontation,"Offworld Games, LLC","Offworld Games, LLC"
524640,Asura,Ogre Head Studio,"Ogre Head Studio, Coconut Island Games"
474980,Cat President ~A More Purrfect Union~,"Oh, a Rock! Studios","Oh, a Rock! Studios"
516900,Oniris Basket VR,Oniris Studios,Oniris Studios
590270,Catsby,OOTOTGames,OOTOTGames
477720,Toricky,Atelier Melon-Kissa,OtakuMaker.com
538700,TURGUL: RAPID FIGHTING,dynamicsoulworks,OtakuMaker.com
618670,One Bullet left,OxPrimeStudio,OxPrimeStudio
528010,Eternal Return,Pathless Games,Pathless Games
616720,Live2DViewerEX (Live2D Wallpaper),Pavo Studio,Pavo Studio
514550,Beat The Dictators,Peaksel,Peaksel
594360,Sort 'Em,PeanutButter VR,PeanutButter VR
555430,On The Path,Pentagrammical Justice,Pentagrammical Justice 
557410,Dream Quest,Peter Whalen,Peter Whalen
606950,Army General,Phobetor,"Phobetor, Plug In Digital"
503150,Frantic Freighter,Phr00t's Software,Phr00t's Software
506160,VR Fractals,Phylliida,Phylliida
415600,Kart Racing Pro,PiBoSo,PiBoSo
583570,1-2-Swift,MNGOVR,PITAYA NETWORK LIMITED
600190,Ski Jump VR,Pixel Perfect Dude,Pixel Perfect Dude
464240,Detective Hunt - Crownston City PD,pixepob,pixepob
458490,Who Must Die,White Chamber,"Playdius, Plug In Digital"
520670,Strikers Edge,Fun Punch Games,"Playdius, Plug In Digital"
573070,BAFL - Brakes Are For Losers,Oudidon,"Playdius, Plug In Digital"
573110,AWAY,Aurelien Regard Games,"Playdius, Plug In Digital"
573120,Dead In Vinland,CCCP,"Playdius, Plug In Digital"
602420,sU and the Quest For Meaning,Guillaume Bouckaert,"Playdius, Plug In Digital"
671430,Jengo,Robot Wizard,"Playdius, Plug In Digital"
644610,Drums Hero PC,"Player Of Music Technology Co.,Ltd","Player Of Music Technology Co.,Ltd"
639460,Zombie Riot,PlaySide VR,PlaySide VR
303850,DanceWall Remix,Extreme Reality,Plug In Digital
341040,Wars Across The World,Strategiae,Plug In Digital
341050,Splitmind,Rendal Studio,Plug In Digital
444330,Battleships at Dawn!,Mintaka Softworks,Plug In Digital
458500,Babylon 2055 Pinball,Shine Research,Plug In Digital
462250,Boiling Bolt,Persistant Studios,Plug In Digital
483490,Circuitous ,The Owl Prophecy,Plug In Digital
497630,H.U.N.T,Kylotonn,Plug In Digital
540590,Red Barton and The Sky Pirates,Schism Worldwide,Plug In Digital
564920,Smoots Tennis Survival Zombie,Kaneda Games,Plug In Digital
572330,The Fan,Ezhaac Studio,Plug In Digital
577320,Quantic Pinball,Shine Research,Plug In Digital
610460,Rise of Balloons,Mirum Studio,Plug In Digital
640090,Zarya-1: Mystery on the Moon,Your Story Interactive,Plug In Digital
642610,Shape of the World,Hollow Tree Games,Plug In Digital
663120,The Rosebud Condominium,Blue Salt Games,Plug In Digital
556990,Rage Against The Zombies,3DDUO,"Plug In Digital, Fun4Family"
324270,Revenge: Rhobar's myth,Polygon Art,Polygon Art
508410,SKIPCHASER,Ponywolf,"Ponywolf, LLC"
624690,NEXT JUMP: Shmup Tactics,Post Mortem Pixels,Post Mortem Pixels
492400,Thunder Gun: Revenge of the Mutants,"Potato Interactive, LLC","Potato Interactive, LLC"
425460,Tokyo Twilight Ghost Hunters Daybreak: Special Gigs,"Arc System Works, TOYBOX Inc.",PQube Limited
610090,Gnomelings: Migration,"Prismic Studios, Dano Kablamo",Prismic Studios
656480,Hidden Animals: English - Spanish,Progorion,Progorion
600980,Master Shot VR,"Puresurface, Inc.","Puresurface, Inc."
689990,Achievement Hunter: Darkness,putilin_industries,putilin_industries
695020,Achievement Hunter: Urban,putilin_industries,putilin_industries
588540,Super Lovely Planet,QUICKTEQUILA,QUICKTEQUILA
470170,Evangeline,Raconteur Games,Raconteur Games
420160,Alphabeats: Master Edition,Rad Dragon,Rad Dragon
630050,Dead Exit,RadiationBurn,RadiationBurn
471220,Don't Drop the Bass,RadishBox,RadishBox
413350,Daydream Blue,RalphVR,RalphVR
516500,Zissi's Island,Ramon Mujica,Ramon Mujica
612250,Eastwood VR,RAV3 Interactive,RAV3 Interactive
376620,Arkin,Raven Sword Industries,Raven Sword Industries
534680,Dolphin Up,Rawkins Games,Rawkins Games
440450,Escape: Sierra Leone,Reborn Games Inc.,Reborn Games Inc.
548470,First Impact: Rise of a Hero,Red Meat Games,Red Meat Games
512090,Tank Defense Division,"Caleb Hooper, Christian Hooper",Red Tree Studios
553150,VR Dungeon,Relative Reality Studios,Relative Reality Studios
600550,Save Our Souls: Episode I - The Absurd Hopes Of Blessed Children,Relentless Game Studios,Relentless Game Studios
381800,DRIFT 84,Reventador Games,Reventador Games
357690,APT,RIP Studios LLC,RIP Studios LLC
550930,Rocket Craze 3D,Rixment,Rixment
549950,Vaccine,RNC,RNC
502920,Gunnihilation,Robo Pixel Games,Robo Pixel Games
495900,Lance A Lot,Rocket Hammer,Rocket Hammer
623160,Zombie Solitaire 2 Chapter 1,rokaplay,rokaplay
534910,3D Arcade Fishing,bumblebee,rokapublish GmbH
563270,In Vitra - JRPG Adventure,bumblebee,rokapublish GmbH
541970,Lost in Reefs: Antarctic,Rumbic Inc,Rumbic Inc
558750,Goaltender VR,RunByCoffee,RunByCoffee
554670,Infektor,Rushing Vise,Rushing Vise
653770,The First Time I Died,Ryan Stephen,Ryan Stephen
540370,Epica,RyuVsCloud,RyuVsCloud
562300,Viktaram,RyuVsCloud,RyuVsCloud
575620,Sayaka,RyuVsCloud,RyuVsCloud
585680,Valortha,RyuVsCloud,RyuVsCloud
603740,Himiko,RyuVsCloud,RyuVsCloud
494370,Orbital Strike: Arena,Sandglass Games LLC,Sandglass Games LLC
573300,Monumental Failure,Scary Wizard Games,Scary Wizard Games
412010,Crossbow Warrior - The Legend of William Tell,MobyDick Games,Scherrer Medien GmbH
605190,Getaway Island,"Schoolfield Games, LLC","Schoolfield Games, LLC"
593850,Davyria: Heroes of Eternity,Sebastian Groll,Sebastian Groll
508350,Draconic Order VR,Seek n Destroy Studios,Seek n Destroy Studios
658230,Chambered,SegFault Games,SegFault Games
364210,Sierra Ops,Innomen Productions,Sekai Project
386960,Order of Ataxia: Initial Effects,IDHAS Studios,Sekai Project
387100,Walkerman,ScalemaiL,Sekai Project
436680,A More Beautiful World - A Kinetic Visual Novel,Afterthought Studios,Sekai Project
487500,fault - SILENCE THE PEDANT,ALICE IN DISSONANCE,Sekai Project
521510,MAGICALSPIRAL,Broken Desk,Sekai Project
589060,"Trapper Knight, Sharpshooter Princess",desunoya,Sekai Project
589480,The Falconers: Moonlight,Bionic Penguin,Sekai Project
617430,A Butterfly in the District of Dreams,Life a Little,Sekai Project
620210,Fatal Twelve,"aiueoKompany, Sekai Project",Sekai Project
632900,Serment - Contract with a Devil,Nkt Studio,Sekai Project
675240,Shining Song Starnova,Love in Space,Sekai Project
621290,The Hunted,Sekai VR Ltd.,Sekai VR Ltd.
535380,Asteroid Blaster VR,Senomix Research,Senomix Research
454150,Warbit Online,"Firehawk Studios, Rakarnov Studios",Serdar AteÅŸ
454770,Mystic Melee,Hypothetical Games,Serenity Forge
690090,The Suffering of Larina,SexuaDarka,SexuaDarka
360400,Zombie Quarantine,Tobop Productions,Shangri-La Game Studios Ltd
428240,Hauntsters,Shark Tree Studios,Shark Tree Studios
620280,Freefall,Shockk,Shockk
461570,The Last Photon,Silicon Echo,Silicon Echo
488200,The First Spark,Silicon Echo,Silicon Echo
492240,Tracks of Triumph: Industrial Zone,Silicon Echo,Silicon Echo
528210,Tracks of Triumph: Summertime,Silicon Echo,Silicon Echo
545950,Tesla's Best Friend,Silicon Echo,Silicon Echo
576080,Tracks of Triumph: Good Old Times,Silicon Echo,Silicon Echo
585580,The Safeguard Garrison,Silicon Echo,Silicon Echo
618340,The Safeguard Garrison 2,Silicon Echo,Silicon Echo
657490,Airon Ball,Digital Airony,Silicon Echo
658950,"Run, Goo, Run",Cubecumber Games,Silicon Echo
662130,Wild Goo Chase,Cubecumber Games,Silicon Echo
663260,AironBall: The Floating Lands,Digital Airony,Silicon Echo
665390,The Safeguard Garrison: Space Colonies,Silicon Echo,Silicon Echo
667730,Laseronium,Digital Airony,Silicon Echo
667830,Blu Bandana,Digital Airony,Silicon Echo
670380,Laseronium: The Line,Digital Airony,Silicon Echo
550560,Chilie,Beckoning Cat,Simon Says: Play!
500170,Ready for Take off - A320 Simulator,ExViRe,SimWare Simulations
512170,the research facility NO.507,SketchTech,SketchTech
530630,Empires Apart,DESTINYbit,Slitherine Ltd.
664750,Wrongworld,Sludj Games,Sludj Games
654920,SQR 2,SlyGames,SlyGames
471810,Death Squared,SMG Studio,SMG Studio
453030,The Fifth Expedition,Snapjaw Games GmbH,Snapjaw Games GmbH
408960,Zombasite,Soldak Entertainment,Soldak Entertainment
403010,The Ultimate Showdown,Harrison Walters,Sole Propriotership
586560,PhotoTangler Collage Maker,Solid Eight Studios,Solid Eight Studios
503690,Starship Disco,"Solus Games, Inc.","Solus Games, Inc. "
577270,VR Aquarium --,Sorasu Software,Sorasu Software
558780,Sonya: The Great Adventure,Specialbit Studio,Specialbit Studio
589120,Danganronpa V3: Killing Harmony Demo Ver.,"Spike Chunsoft Co., Ltd.","Spike Chunsoft Co., Ltd."
417310,Hiragana Pixel Party,Springloaded,Springloaded
546900,Fear Effect Sedna,Sushee,"SQUARE ENIX, Forever Entertainment S. A."
497280,Wrong Dimension - The One Dimensional Platformer,"StartUp Studios, Mike Troup",StartUp Studios
513960,Galactic Fighters,StarworkGC,StarworkGC
549390,Storage Inc 2,Stolpskott Studios,Stolpskott Studios
433120,Crash Landing,Claws of Lorek,Strategy First
630170,Murder In Tehran's Alleys 1933,RSK Entertainment,Strategy First
639730,Murder In Tehran's Alleys 2016,RSK Entertainment,Strategy First
604060,Goblin Harvest - The Mighty Quest,Ian Williams,Subjunctive Software
679230,Tell a Demon,Sun Labyrinth LLC,Sun Labyrinth LLC
544220,Damage: Sadistic Butchering of Humanity,Suomi-Peli,Suomi-Peli
616000,Riptale,Super God,Super God
370800,Fields of Battle,Super X Studios LLC,Super X Studios LLC
590690,Sprint Vector,Survios,Survios
530500,The Rosefinch CurseNing's Wing 1,T34 Studio,T34 Studio
673670,Twin Brothers,T3AZ,"T3AZ, MoonStarGaming"
444550,Void 21,Taranasus Studio,Taranasus Studio
397200,Deliverance,TBDTS Games,TBDTS Games
494700,Eliosi's Hunt,TDZ Games,TDZ Games
651650,Dunia: Masters,Team Wood Block,Team Wood Block
239140,Dying Light: The Following - Enhanced Edition,Techland,Techland
499940,Ascension VR,Temple Gates Games,Temple Gates Games
540690,Hellenica,The Dragonloft,The Dragonloft
444870,Combat Racers,The Major Game Company,The Major Game Company
604010,Chimpology,"themorfeus, Junkhive",themorfeus
449960,Book of Demons ARPG,Thing Trunk,Thing Trunk
370210,FIRMA,Think Heavy Ltd.,Think Heavy Ltd.
254370,Aquanox Deep Descent,Digital Arrow,THQ Nordic
563190,de Blob 2,"Blue Tongue Entertainment, Blitworks",THQ Nordic
546800,Tower in the Sky : Tactics Edition,Three Brothers Games,Three Brothers Games
506090,Switch - Or Die Trying,Threye Interactive,Threye Interactive
332730,Barbarian Brawl,Thrillion,Thrillion
519540,Virtual Islands,Tim McCulloch,Tim McCulloch
516550,Relativity,TomCGames,TomCGames
679190,The Hunting God,TonguÃ§ Bodur,TonguÃ§ Bodur
381000,6 Nights,TopArcadeApps,TopArcadeApps
626630,Two Worlds II HD - Call of the Tenebrae,Reality Pump Studios,TopWare Interactive ACE
587930,Under a Desert Sun,TotalGearGames,TotalGearGames
676000,Bloody Mice,Tower Up Studios,Tower Up Studios
574890,Forgotten Chambers,Tpot Studio,Tpot Studio
529140,Ulama: Arena of the Gods,Trainwreck Games,Trainwreck Games
424020,EEP 12,Trend Redaktions- und Verlagsgesellschaft mbH,Trend Redaktions- und Verlagsgesellschaft mbH
451950,EEP Train Simulator Mission,Trend Redaktions- und Verlagsgesellschaft mbH,Trend Redaktions- und Verlagsgesellschaft mbH
570590,Solitaire VR,"Babaroga, LLC","Tripp, LLC"
438310,SCORE,True Illusion Software,True Illusion Software
547520,Rapture - World Conquest,Tundra Games Ltd,Tundra Games Ltd
596640,Lost in the Ocean VR,Tunnel Vision Studio,Tunnel Vision Studio
486850,Card of spirits,TXBDÂ·PKXÂ·LFÂ·GXM,TXBDÂ·PKXÂ·LFÂ·GXM
514540,Hate Free Heroes RPG,Starlight Studios,U Game Me
658420,Hate Free Heroes Online,Starlight Productions,U Game Me
572600,FOR HONORâ„¢ BETA,"Ubisoft Montreal, Ubisoft Quebec, Ubisoft Toronto, Blue Byte",Ubisoft
584210,Tom Clancy's Ghost ReconÂ® Wildlands Open Beta,"Ubisoft Paris, Ubisoft Annecy, Ubisoft Bucharest, Ubisoft Montpellier, Ubisoft Milan, Reflections",Ubisoft
680980,HEADLINER,Unbound Creations,Unbound Creations
652570,Mystika 3 : Awakening of the dragons,Unikgame,Unikware
587330,MARS SIMULATOR - RED PLANET,Stonehill Games,UniqueGames
630280,StageX,UnitedRealityLab,UnitedRealityLab
485610,Ball 3D: Soccer Online,Unusualsoft,Unusualsoft
687850,Head Goal,Unusualsoft,Unusualsoft
425870,Gyrodisc Super League,Valiant Interactive,Valiant Interactive
568920,The Final Specimen: Arrival,Gigantoraptor Games,Video Game Music Studios
432890,Quote,Vindit,Vindit
413460,Draft Day Sports College Basketball 3,Wolverine Studios,Viva Media
538410,Chicken Chase,Kalan Ray,VKTRY Creative Studios
602180,Free Towns,Vlad Cristian,Vlad Cristian
450760,GraveRun,Vlad Dae,Vlad Dae
485680,sphereFACE,VoxelStorm,VoxelStorm
495550,Baskhead,VRLINES,VRLINES
529630,The Rabbit Hole,VRMonkey,VRMonkey
525760,Awesome Obstacle Challenge,VRoximity LLC,VRoximity LLC
691920,The Art Of Knuckle Sandwich,Virtual Top,VT Publishing
497800,Golden Krone Hotel,Vulgat,Vulgat
504450,StarSmashers,"Wayne Jackson, Jason Mallett, Colin Wren","War Hungry Games, KISS ltd"
607030,Jade's Journey 2,Warfare Studios,Warfare Studios
607040,Grimoire Chronicles,Warfare Studios,Warfare Studios
443890,BUCK,Wave Interactive,Wave Interactive
582960,LIT,WayForward,"WayForward, GamePump"
530370,Warlock's Tower,Midipixel,Whippering
485820,e-River Cabin Journal,Wilderness Journal Games,Wilderness Journal Games
435260,Planet Stronghold: Colonial Defense,Winter Wolves,Winter Wolves
451640,C14 Dating,Winter Wolves,Winter Wolves
584940,Amber's Magic Shop,Winter Wolves,Winter Wolves
672570,The Western Hunter,Wisdom Emprie,Wisdom Emprie
568470,Waking the Glares - Chapters I and II,Wisefool Studio,Wisefool Studio
522130,LandTraveller,WolfCoder Workshop,WOLFCODER WORKSHOP LLC
661530,Gold Rush In The Oort Cloud,WTFOMGames,WTFOMGames
371600,F1 Chequered Flag,Xing Interactive,Xing Interactive
454170,XorceD - Sashiro's Laedrum,Xorcerox,Xorcerox
513920,Desperate Times,Yokcos,Yokcos
585620,GameMaker Studio 2 Mobile,YoYo Games Ltd.,YoYo Games Ltd.
437170,The Amazing Adventures of Ash - Afterparty,Z3roram Studios,Z3roram Studios
575360,Ultimagus,Zealwind,Zealwind
603380,Dragon Essence - Color My World -,Zeiva Inc,Zeiva Inc
428610,Longsword - Tabletop Tactics,Zero Sum Games,Zero Sum Games
457730,Mushroom Wars 2,Zillion Whales,Zillion Whales
370750,Dungeoncraft,Zinnusl,Zinnusl
331710,Why So Evil,Zonitron Productions,Zonitron Productions
354850,Why So Evil 2: Dystopia,Zonitron Productions,Zonitron Productions
368900,Brilliant Bob,Zonitron Productions,Zonitron Productions
385200,Absconding Zatwor,Zonitron Productions,Zonitron Productions
395980,Break Into Zatwor,Zonitron Productions,Zonitron Productions
397620,3 GooCubelets Games Vol.1,Zonitron Productions,Zonitron Productions
410590,Fiends of Imprisonment,Zonitron Productions,Zonitron Productions
416270,3 GooCubelets Games Vol.2,Zonitron Productions,Zonitron Productions
431270,3 GooCubelets Games Vol.3,Zonitron Productions,Zonitron Productions
432150,They Came From The Moon,Zonitron Productions,Zonitron Productions
447880,Beast Blaster,Zonitron Productions,Zonitron Productions
449630,Rage Parking Simulator 2016,Zonitron Productions,Zonitron Productions
460660,3 GooCubelets Games Vol.4,Zonitron Productions,Zonitron Productions
462370,Cyborg Detonator,Zonitron Productions,Zonitron Productions
501690,Torch Cave,Zonitron Productions,Zonitron Productions
505440,GooCubelets: The Void,Zonitron Productions,Zonitron Productions
516700,Zombie Boom,Zonitron Productions,Zonitron Productions
533710,Torch Cave 2,Zonitron Productions,Zonitron Productions
559500,Sleengster,Zonitron Productions,Zonitron Productions
559940,Sleengster 2,Zonitron Productions,Zonitron Productions
605470,Barclay: The Marrowdale Murder,Zonitron Productions,Zonitron Productions
644630,Break The Wall,Zonitron Productions,Zonitron Productions
654790,Flipper Hazard,Zonitron Productions,Zonitron Productions
655450,Clickey,Zonitron Productions,Zonitron Productions
656950,Torch Cave 3,Zonitron Productions,Zonitron Productions
656960,Rage Parking Simulator 2017,Zonitron Productions,Zonitron Productions
659850,GooCubelets: RGB,Zonitron Productions,Zonitron Productions
660100,Sleengster 3,Zonitron Productions,Zonitron Productions
662270,GooCubelets: Color Blocking,Zonitron Productions,Zonitron Productions
662310,Clickey: The Velocity Click,Zonitron Productions,Zonitron Productions
670520,Laseronium: Over The Line,Zonitron Productions,Zonitron Productions
677000,Fruit Candypop,Zonitron Productions,Zonitron Productions
677050,THREE CANDYBERRY MATCH,Zonitron Productions,Zonitron Productions
678020,Flipper Hazard 3,Zonitron Productions,Zonitron Productions
678810,Raccoon Hero,Zonitron Productions,Zonitron Productions
679330,Raccoon Hero: Under The Sea,Zonitron Productions,Zonitron Productions
681430,Grin Bandana,Zonitron Productions,Zonitron Productions
685650,Sketchy 2,Zonitron Productions,Zonitron Productions
421890,Avaris 2: The Return of the Empress,StudioGIW,Zoo Corporation
3030,Call of Juarez - DirectX 10,,
7240,Sherlock Holmes 2,,
13650,Tom Clancy's Rainbow Six,,
13660,Tom Clancy's Rainbow Six 2: Rogue Spear,,
19910,Tom Clancy's Rainbow Six 2: Rogue Spear - Urban Operations,,
29017,Blood Bowl 2 - Review,,
46470,Grotesque Tactics: Evil Heroes - Dev,,
55210,HOMEFRONT - Japanese,,
71300,Football Manager 2012 Review,,
98810,Dungeons of Dredmor - Beta,,
212090,Endless Space VIP,,
214050,Sanctum Beta,,
221120,Blood Bowl: Star Coach - Bta,,
265020,Ashes Cricket 2013,,
282500,Loadout Mardi Gras Exclusive Pack,,
284480,Trials Fusion - Closed Beta,,
362300,H1Z1 Test Server,,
365180,Ogrest - La Lgende,,
367920,WAKFU - Livre I : Le TrÃƒÂ´ne de Glace,,
367940,WAKFU - Livre II : Ush,,
367960,WAKFU - Livre III : Mont Dragons,,
398370,Mad Max: au-delÃƒÂ  du dÃƒÂ´me du tonnerre,,
398390,Ãâ€˜ÃÂµÃÂ·Ã‘Æ’ÃÂ¼ÃÂ½Ã‘â€¹ÃÂ¹ ÃÅ“ÃÂ°ÃÂºÃ‘Â 3: ÃÅ¸ÃÂ¾ÃÂ´ ÃÅ¡Ã‘Æ’ÃÂ¿ÃÂ¾ÃÂ»ÃÂ¾ÃÂ¼ ÃÂ³Ã‘â‚¬ÃÂ¾ÃÂ¼ÃÂ°,,
398400,Ãâ€˜ÃÂµÃÂ·Ã‘Æ’ÃÂ¼ÃÂ½Ã‘â€¹ÃÂ¹ ÃÅ“ÃÂ°ÃÂºÃ‘Â: Ãâ€ÃÂ¾Ã‘â‚¬ÃÂ¾ÃÂ³ÃÂ° Ã‘ÂÃ‘â‚¬ÃÂ¾Ã‘ÂÃ‘â€šÃÂ¸,,
398700,Ãâ€˜ÃÂµÃÂ·Ã‘Æ’ÃÂ¼ÃÂ½Ã‘â€¹ÃÂ¹ ÃÅ“ÃÂ°ÃÂºÃ‘Â (1979),,
398750,Ãâ€˜ÃÂµÃÂ·Ã‘Æ’ÃÂ¼ÃÂ½Ã‘â€¹ÃÂ¹ ÃÅ“ÃÂ°ÃÂºÃ‘Â 2: Ãâ€™ÃÂ¾ÃÂ¸ÃÂ½ ÃÂ´ÃÂ¾Ã‘â‚¬ÃÂ¾ÃÂ³ÃÂ¸,,
402470,Viking Armor / Weapons: 01 Ã¢â‚¬â€œ Concept Modeling,,
419611,Sculpting and Rendering a Biomech Creature Bust - Sculpting,,
419612,Sculpting and Rendering a Biomech Creature Bust - Rendering,,
430390,t-Ã£â€šÂ·Ã£Æ’Â£Ã£Æ’â€žÃ£â‚¬â‚¬Ã£â‚¬Å½Ã¤ÂºÅ“Ã¤ÂºÂºÃ£â‚¬ÂÃ£â€šÂ³Ã£Æ’Â©Ã£Æ’Å“,,
441451,Medieval Blocks - Substance Designer Tutorial - Part 2: Basics,,
441452,Medieval Blocks - Substance Designer Tutorial - Part 3: Stone Customization,,
441453,Medieval Blocks - Substance Designer Tutorial - Part 4: Stone Layout,,
441454,Medieval Blocks - Substance Designer Tutorial - Part 5: Grout,,
441455,Medieval Blocks - Substance Designer Tutorial - Part 6: Color/Albedo/Roughness/Masks,,
441456,Medieval Blocks - Substance Designer Tutorial - Part 7: Random Variations / Custom Variations,,
441457,Medieval Blocks - Substance Designer Tutorial - Part 8: Exporting / Presentation,,
450980,Ultimate Arena - Dedicated Server,,
454830,Beach Ball Valley,Paul Eckhardt,
455130,Call of Duty: Black Ops III Ã¢â‚¬â€œ Mod Tools,,
471230,Dead by Daylight: BETA,,
